id,age,gender
cldbnynh1711541391,28,female
rgmrmpuy1689004259,61,m
yswwzmty1559421387,23,female
kdvpvzwl2137664409,20,m
serrwauu296525175,23,f
cpccmrhe2541383924,36,male
gtpomxwv1443295549,82,m
gwblfeoa2097750693,21,f
jfvrhfkb4131134738,19,f
hclhhgck2950093991,56,f
zqifbhsf4162206765,25,rather not say
cihbbfof2310305886,21,other
ckofuxgl953455217,43,male
vdcoyxpt3741807866,45,m
jppndqtk2233014898,20,female
gtfvtzuw1232277591,86,f
hcsvgwsz3928273639,79,female
llixjdfc34458787,54,m
jfyhhivr536467266,24,male
xcbtnjum366221940,40,male
rwljahfv3644402493,78,m
hkwdskch3083055599,63,f
rglihelc4041514420,75,f
igpxyizq2069589896,21,female
hmawlvtz3463614971,39,female
hbcqtvhm2023977834,18,m
gsykelcl1882778315,22,m
cvsekriu4274493055,45,m
yiqgxkug1664057943,56,female
buximaal757088986,73,m
izdszrrl427102486,27,m
azudkpuf967018458,23,m
gobmdcik69368002,23,m
klniypfh2942787296,57,m
bxpinkqx3643690326,30,f
kgcsztki1795136228,26,m
tzzwudca2160669547,82,m
cgkyklvl4161723078,55,m
xnuxhplb4118938901,18,male
uluewaut255581740,31,f
uxatqddu280957009,55,male
iwdqlioi1780275356,49,m
jcywagng1186635303,27,f
nqoqjpih1112912784,35,rather not say
emyiqawv2905699933,21,m
ahhawidv387309678,47,m
jsgzuvsg2639600698,70,f
kwsiwvnx2012036886,21,f
uvfwugqm4110002066,34,female
xpyyrrbr103713210,43,m
nilrowhw2405040793,49,m
kroqmcqj3737719930,29,rather not say
darikzxu741220080,37,f
qntoasef1954689676,78,m
defgjsek1942325403,78,m
qvvvmksf878472193,43,m
crbsyilv1485483712,65,f
wzmuzzps2022893887,25,f
uwjidkqv2679480124,51,f
wuwyxfuh314041647,35,f
njyzvgho1716344310,99,f
mdcvlsym150232465,30,f
gdjeicij3614334281,58,rather not say
scftvmbq3410638152,20,rather not say
ggzspuux1353236355,21,m
vulvmmxn378514817,40,f
hbwckfzh169434622,54,f
lcbjsond2235488621,21,female
xxtumamm3896666803,22,f
pborlhon3972238029,27,f
mruoqnsh1570708981,30,m
usthdmjj1596746313,26,m
ocrefwjd1353142122,18,f
epgywsom3940438583,24,m
yndzorqh4186235442,34,f
flvgogcr1636066458,34,rather not say
ksfbmbtb2336610007,64,female
okhlrayv2498143294,55,m
xjbhvwua603835276,25,m
tjwpgorh3132820046,19,f
tlunoslm1474635345,22,m
xrjrnyue2438488154,19,female
uundzxlk1373627569,93,f
zridiqxn3674149375,40,f
elzklivr2349789302,30,female
ibfzfrtq1456111457,60,m
siyugaig3562873052,28,m
xazdbped1359710141,40,m
fdyzgcpu1238239587,50,female
excoesbv1277010813,21,m
vjgyudej2693482516,70,m
skzcsqfh3440435988,21,m
vkhglhgx597786195,19,f
pbiqqmqv2681683524,80,f
nuzadskj2594462699,46,f
pfmgktor659439960,31,other
jckwwrpp3953552787,72,female
wolpvtnh156277785,82,m
ncewciny2725508024,28,male
zkacwksi4148732652,21,male
uhdavyup1706208905,42,female
zaawahkw792039866,43,f
wnnwylin3196490811,20,f
ptdugavo2908104144,19,rather not say
wjeyjkva669758574,30,m
xtlhkeyz284481040,28,f
oljboecj991623683,21,f
ananbbme1873910760,35,m
rkakdxsd869688556,55,f
gapdxprp2840096726,59,rather not say
zmsarrpo3272444645,25,f
dvwmrycu1861421989,34,f
diyjepfc1188402857,36,m
sqqqrepo4097449325,25,f
qzjfjvms3945969372,34,male
fvmiicfh4142299982,57,male
zxauvugk1777640226,21,male
umvlqzqg101594047,19,m
lfsgcizx3402483731,55,female
osmdpqsi4073381116,50,f
uuvdqmlv3089604945,20,f
srfrmucx3560439640,62,m
agpjayzk2690854307,21,f
mzkmwpuk4132915656,20,rather not say
rnuwjtvu4136481829,76,m
czvgmqir2722619214,62,female
wktdcglk1174611274,32,f
ujcbufcr3908976042,97,male
vomgetje468268849,19,f
pgyxmstu673912939,52,m
bfsrooms3098155554,51,m
rmkvrhme1942290727,45,f
wupfuacy104376827,41,f
mqbaqrwr699705299,53,female
fpzdwszj3631599847,24,f
fyxenkky1914947515,25,f
eywwknww705712580,55,f
zreyqzwc422238945,73,female
bxonqaqc1105770283,56,other
cskrlgxr3233321548,43,m
gmpborml2197261863,37,male
mvyfenxb940005086,41,f
gwacmtjz4239065922,25,f
nyuckoyl3534433755,25,male
lwgnurxz3106773361,48,male
pfmjqisa124922284,23,f
zxroqyff1814332820,24,rather not say
ufhjyubc3045279573,25,rather not say
pwfwcwqu1166588491,26,m
kixjhwba3674992704,23,m
ubvtmmch3542055114,42,f
fkdyyrxb1843615001,40,f
jjhbqjns1710141079,30,f
turqktqq349129531,41,m
cenvyfqs1962628446,57,f
kalqwjpa1350193628,19,f
mzztqkwr1232697078,27,m
drtaaoun2325713568,54,female
clavresq1622847384,29,f
hjtvzuxc1356504634,53,female
jjctrolu3708469048,25,m
vsfrmvsi3614414145,45,male
viwefgwq2093348884,28,m
jkdiynpt3335591138,21,f
slwhalxh3289042142,30,f
oneobgss4075654227,66,male
esynyokq827490950,38,f
kbyflrei3822197661,52,m
llwjtjuy2893044710,51,m
rtkgbvbg3135566329,35,m
enutdesr3188073317,25,m
eifsofan1049483540,44,f
uyabchih2147909808,38,other
ovozsguy1699633879,27,m
midejyxp1422697075,40,male
rsugorwi2102063392,46,male
itlyidyw3351754381,77,f
fqmphkns969160529,21,other
ncmnwufe1706230705,32,m
ftkdtgzj1580463449,61,m
aonrajhy759763951,25,male
jjtswsvj1356084071,47,f
zpnhajok4171319846,25,male
rtdqcbgi2488405944,19,f
bainrukp4122894771,55,female
tfgxmpfj283775594,28,m
cmitqnpi3123715120,30,f
vwhqpcdf2151289507,32,f
ppxrzspt821582863,19,f
qylbtzfj629608714,41,f
tzpfiaku611674045,80,f
zvwdmxgq302505363,34,f
rwsjvmak2316624700,44,male
bpttumar2969132364,40,m
jetubibg3532030261,25,m
xujkqbuq1357980849,29,male
xhmwkjsk1555336306,45,m
schtxwhe3891534228,50,m
jzpvzerl3213161821,19,m
afxmpxsu2363031540,29,m
ojkaggui3746956811,38,m
fkywyxyh840866125,29,f
cibtqlgs1007789365,46,m
fwuqrnhj2204450433,20,male
kheqdzbk2892209700,26,rather not say
adheswtr1186783738,30,m
qxngegft746578565,55,rather not say
gzyqvwhy1529112245,25,f
mkbymwmb610961990,22,female
fsbtxhih2682369460,59,female
jhzhtxmp1017965169,22,f
jrylbpwe1623717840,27,m
vptgcbfo1730412440,45,f
xehekeol2112372343,19,f
nugzaqmu708014139,22,m
lyouqyzh1586474471,21,f
bjvqyvcy2164598853,31,m
fzuoodxw2236964781,21,f
nqlvkbvf3040317921,25,f
ujfxaaxd1835889437,30,f
wbxnotlq3499433499,25,rather not say
llzwkych2340418364,25,f
itvdgvnl319182919,27,f
ebcviqmd4054077421,25,m
lqdhnssb887571335,78,f
wwvjwfwg866923053,21,m
ojlnhnro3764776964,30,male
pmhwrcpn974957978,25,female
chypyoag300907296,24,f
psazzbqo2281299511,50,m
nbreolqf3413946571,54,f
zbtdgvnj86814955,51,m
rdidyjru213759894,50,m
vkwomyfy1319800163,43,f
hfspkeni1798837321,64,f
dmnqfweo579254391,21,female
qhdubmpj3778411239,21,m
awxrqmjw220109616,37,female
ujoxfoeb1628333465,21,m
rledhequ3611936677,21,f
wjgfstdr1202000124,26,m
jkwtkbgc24820120,21,rather not say
uvtvdasz1342597035,38,m
izkkzroh3943106456,31,f
bovmiowp2391703858,20,m
gaqsarfq98002028,30,f
ravmmluh2166358541,57,f
ruyhqjlz644233955,29,m
smjdarur2762827200,26,f
fbynquxa3849427690,33,f
lbucvbdl3671985980,19,m
xjfzhgiy36992558,25,f
fqbyrsgj3783496898,35,m
ioxmhzwd2927592910,44,male
iekpkpri454516748,71,m
udbgagef3546266392,21,male
bcgpepyx4147884913,49,m
iikbserf2051368261,85,m
eiqokiap4033682946,29,m
wvcjpolt2585468818,43,female
vepyakzf2870496234,37,f
gkwynzuo2632644891,60,f
xsbalceq2054502127,42,f
yzbpetdb3878945900,45,f
gfobfdtn3765590085,55,rather not say
nccnxcnu2560099775,33,f
szlepqhz2251985848,29,rather not say
zmsqhyii2154793496,58,f
bbwrebxx3654076884,34,f
kcqgbrpg995971442,77,f
pxwjaluj4288131948,36,m
jcbuayfv158461907,18,m
dblllsjt4186097206,28,male
cbeenugr1335453848,30,other
qkhybqix3135748788,19,f
dywhrpfb2709208563,28,f
tsrewfon2215435107,27,female
xvblulas3573930042,21,m
xpqgvreg2812130400,69,m
bhvqfone2016017193,53,f
nmyvnikj3423140497,26,m
qigwkyjy1330585078,26,f
gqegfiqp3129726094,30,m
gcgdihyk3438890936,76,rather not say
ryaecytc2688130284,22,f
baulifzi1473833381,36,f
kwdnwnuv244250407,25,m
gtyrpxtb2160962538,33,female
ruoaekyh3670006216,28,m
wzagyoey1868734142,22,f
uvumnwmh2970698342,41,m
abvemlwy3354510192,68,m
exqaejsi4092691316,60,m
jdgvzcjq1641473919,36,f
dtldtzbi2483073958,18,m
rvflmqbi1532690487,44,m
tcyrztie1556887585,19,f
xgllhtjq3328923501,43,female
uavtfiqr3277820910,25,f
imswtjqn3082908574,25,female
jffuuwnc981329932,18,male
prrrvbdl3678743480,25,rather not say
jxgaulff1773657976,59,f
ztthibqn1953906272,56,f
ooudesdd2869502848,45,female
uvzqjrrg2118870777,22,female
kdnidcxq3656175191,34,female
aloebasa255876292,91,m
izjefpkx3939208689,25,f
xswjovhk1968002421,21,f
cevsvgze1754778563,50,female
lckcqlgg123432653,29,m
iszkuveh3564177177,21,m
qvuaphyg1394141701,40,f
oandqowx820586467,21,m
aktomprl2676406673,29,other
rmvvnlyv3086514011,26,f
oghtqeqj1021801758,18,f
oxagcxmp1933075208,26,male
yhyplwwd63281440,24,f
idwbsdlo2821637548,49,rather not say
uopexrdc978861879,49,male
nyofoljo894863850,97,male
mvuzjjhe2811782492,39,m
nnohkrwo3080121036,21,m
hkgqoijn1646453052,39,female
bkzfxihh2410986611,18,male
paretgfp1454657352,39,m
rzregzaa3352541639,25,male
shytrqzf1290401307,49,m
qcvguyev3936929143,36,male
lsbljnxd2438880833,46,f
phwglxbp756514654,18,female
hbnluwnz1684947087,30,f
ugionyjt624590688,52,female
malujbgr1517712032,36,female
dxotykju2835777710,58,f
afuaquhw3765108772,78,f
lgsbciqm3464856526,50,m
iyynioqf752781764,95,m
kmllunel2190279685,43,male
qlofoqfn3770513924,30,f
zfyfovhn1912147023,18,m
mmfnuyhr389604296,27,m
xdxwtdca2298851934,49,f
jomoagpy205929929,28,male
knpwchxd1196997911,18,female
hbmyqkko2259648557,65,f
mklinwzj733638017,94,m
ilbxhfpp955937307,35,other
tyxqqylv3266396575,31,f
idpzpiae1116200846,71,m
djwwrcme2627206262,80,male
quqdgsjs2210181476,31,f
thxelbnc2888608447,21,female
wqieqmmz1037288987,25,m
nddgvghm1894973002,51,rather not say
zmiyzjvp3566025726,29,f
cdjotwqs10290362,18,rather not say
taxncyfs758608489,27,f
hhujoemh871363667,32,male
euykgebd2396005242,27,m
jdblvaig1260089341,22,m
smbehtph2187166915,43,f
uxuwkvuy376512026,21,female
zithmqzh1178443306,63,m
qovdmzyb3042539605,37,f
xousksbi1533908270,22,other
fhvyggqt1199514713,25,m
skjoxsqa2567341120,48,rather not say
jmoroibq1117726955,39,m
lknpirkb63987241,53,f
fnqadgoo4121635278,20,m
yenbeppo2520174897,59,f
umusvonp1207279084,25,male
wjvoasfq3253125987,40,female
jkbpkrso1479651138,25,m
zggqvmou2136836754,27,male
wfhvtwtj1621922044,24,f
vpcyvggo930318415,68,f
epbjfnyl293824930,21,m
nyruzkhc2385478951,54,female
htpzrtzy3600354502,31,f
yhorhfqh2779880959,88,m
ltuxotmz2637843221,20,f
tfgesmia4159108427,23,f
ngrjbrlm179594142,27,f
uvfhwruz1954607185,46,female
knozitii4046879689,39,female
pfezqtol2805735901,67,female
olawbixi978727512,27,m
cagvawlt881367498,54,m
gfjchpns3696064207,35,f
mjvlabnw3596713773,26,male
kcajrjhj3542778637,61,f
zkjkhnyx572361246,28,m
frtyzckh3004541385,21,f
pibohahe3808046723,30,f
vgqyfmwd685092655,93,f
lgvtiemm152590501,65,female
qtagiiyb3370375708,46,f
iahpfzvn2330595224,38,female
snvgarvx2053388461,18,f
cqsivyxx3636787174,46,m
idptdxgw2477488896,28,female
iunptitg369234770,51,m
uhcyobcq1371266539,21,m
tbzsoune627185804,29,m
kpxirldz3597092784,72,f
luljprvy3233112424,47,male
qgihlpty3151235870,53,m
rxopygie4203941198,26,female
hcbvjetd3966381786,19,m
jjpxdmay1648321550,39,f
yctdtphu2209711040,56,m
feynzifm934578732,98,f
wjereqhp364210025,72,female
eulimuuu591355146,77,m
jnszwera2024408986,65,f
uvpxqogi1630558428,27,f
qlteyyus1936461398,54,f
uwudzpnn2472240884,62,f
mefppzrj3377085817,73,m
uyoavucp2102882824,26,f
okfmymzi1611352402,27,m
nomzjsdl2884391596,33,f
xfzzkexv914444423,63,m
ccxburta543113994,29,rather not say
ekqpgxze1256404542,48,m
dtugyfwx1413864098,30,male
lrxkharv3727484467,44,m
cnincuyw2827572866,21,m
qjnglnbo2867082163,26,m
wfywbzox2582037202,28,female
zvxwlkrg2505537319,24,f
lacrhiwe4112192308,75,f
ytrnpzlf252568629,27,m
zrmjulif1345569199,28,f
uhzknkgd1279339939,22,f
nxsaslek401439373,28,f
ubexeqew3182772680,57,m
rezhuley2577204566,62,f
elsrdvbz747557728,27,female
lpjawdqh188161703,86,m
blmazkso1511604267,57,m
nkonfhsa4076058030,26,m
ayyjivur4137873971,28,f
glmikovu3448312843,25,m
vrzirzpk4096042908,68,m
djhfjxya340223670,23,m
opyzaqtl2613479558,18,male
knqhqkvu2223436125,97,m
rxqiorps483977574,33,m
gehuwggs3438207566,36,male
ohjqemnl1674202116,28,f
elvkuraj940701330,25,male
givunaqb3358929228,23,f
rzkflmbq3852661025,32,male
fcitvonj1387875923,65,other
ztetvpmp481017661,19,f
jugipuff1921119749,21,rather not say
aaubokvn1993744656,27,m
lbblmbpz24980204,19,f
tdfigbqu4044307603,62,f
pzldkhds3783286020,21,male
fgxtlknf975321173,25,female
fdlelcna2257087887,49,m
ytiwspik1608151972,25,f
pfqzmrpa3918239580,26,m
wdgsgeea419184672,51,f
vrncjqgd1018594068,61,m
yycwbiag3359591,40,f
rfhfrvpu773766810,25,male
ugqbazxj3325856357,27,female
djouqrcg3803093150,23,m
aigcamum2158668994,20,female
xxqskesp3049655751,59,female
urqvsepk1487049424,49,f
xlvdsjut2841723863,56,m
imuxdrtc3577278097,26,m
enziuadb3317703583,26,m
rrqrugqo1290565246,98,female
suzvxszx3384969272,36,m
rsojmgqb3260212962,24,f
qvxhcepe1141107199,31,m
arhaqwwy485614733,29,m
furiggon2399423337,42,m
yxltebgz4168618674,28,f
ssvbiqjb3306990981,25,m
wnxsfzja837734500,30,f
pcxmjbav1522012055,24,f
zxhspnfj2194985156,29,other
wrzyqtdq2594822501,56,m
xnmjjnji331890109,22,m
stewlvfi4112851620,61,m
nzngatdn2040838945,32,m
hxavslhr3712307359,21,rather not say
nkbssixi926910989,79,m
knmltygr706837023,35,m
wwwzdghi1088651252,50,m
cwebybsn2133504034,22,m
auranhys3011519013,25,male
wwanhwqk4220740587,56,m
kcptshav3142633978,39,male
zkogkyup667519977,18,male
abbefxit2355911489,21,f
puewquya3294144015,21,male
lvukvtzk3058225880,55,f
rjezcvyh117794743,18,other
oazcdtun1308046546,29,female
ahkoczji3858444408,18,male
ismnzmvs3473629367,69,rather not say
tjowjhop2923842510,21,female
duzuwgnm721161800,25,female
cevaesvu4066913924,36,m
plwxtfyq3195666243,25,f
xbvlwufz4135253770,40,female
msepzmex2000045230,21,m
sxnytrgp3630699121,32,m
yhrljdke1672732656,49,male
ebeuyvxo22259664,85,male
snvqywnj3699850720,19,m
hgsfhkpe1828552727,34,m
oxivbdfd4274652133,95,m
mbtksfkd3022076298,44,male
dsfzzpws3527343106,25,female
yuecyyju2853417401,66,f
qecoeqaz1543229905,39,f
vgkcrums4153817987,43,m
kqssntjp2520686820,45,f
wkphuagf1517520978,49,f
olgkltzg2665278499,21,female
nhkpdmic3246117317,32,m
asbynoaf923955217,41,f
xwvxnxlz3627867669,65,m
bmotxmfj4277765853,20,m
qwnqricp2755365274,65,f
mbfosfhb1507178261,77,male
mitdbmqm1543539162,19,m
zjxtutmi3683072364,57,f
ehtydvcx2143805436,24,f
aukmmizh180444992,19,f
lbrnkwvk628932648,25,male
kwvhlmmu3454186806,34,m
myvfxskx1870503312,23,f
quhzpbsu582814932,78,female
cnjxvfvi3685953072,40,m
xxfdytrq1444263260,25,f
cukbwlsk3358895334,45,f
rnlqijaq3788700734,39,female
bnbuzuio2875529415,19,m
qpbwaqbg1760147292,31,f
mvojpxqo3861023428,32,male
ackiekbt510115602,29,male
uekmpmrs2415211097,25,m
xasvmxfv565383293,29,m
prefmqms38781810,56,f
nayjwdbh4268150918,33,m
vmjdjrch3318887604,33,female
jxpebejv3291639838,54,male
dboiamgd4263253776,27,f
ogmptqng3402646658,73,f
wpemtybh3601290531,22,male
leekliiu3370771279,58,male
fpfznfrw3534969708,56,f
jfrpvvxf3572499164,47,f
mpzuayvn1648844223,61,male
ijjnobnn1686425393,21,female
tckjgjlu2498512672,24,f
qmwytfxy3146198917,64,m
svkuadgv981503300,67,male
zcfbuwxq783890627,21,f
joqazhml3484839664,51,f
fstjxcjs145685266,50,female
jsvnucff1646683950,24,m
hvlvzkhf2208954995,73,m
klzhowym3697669687,24,m
qnivfvuk2080877189,18,male
vfkrybjq2350735061,45,f
cwvgslqi631995290,21,m
lvxqtkhb3990981575,66,f
trmfckfg2066139938,25,m
mgixnsbk2353111303,26,male
njvufnbb1074658128,96,male
xdgwbeij787400893,38,male
wfoxiubc1725626423,25,f
lcqmfwon3794203789,24,male
pfoscqmy1829484046,99,m
eqrrrgim1647897848,74,f
qpmqubgg1896588825,19,male
vdizsxdy1496367833,28,female
immbcede3386252058,46,m
jxzxufej1169257384,21,f
ydasuxat1762449874,18,f
qpefhwml2829622645,41,m
vdgcwvdn584264737,43,female
gixrjcyj98141451,25,m
ovebifui1912158500,43,m
onarnatj4279006920,27,f
weesyiff984718056,21,f
giizfvmq1259903120,49,f
xvhtacnu3909690737,38,rather not say
eiqggtto1120618367,21,male
fpjjcztq4136858397,31,m
tcgdxdbj768748572,26,f
jyejnfwj581502120,39,f
atnppdki2334240722,43,f
yrstqcdi3879497774,27,f
moeqbdrj3752241549,37,male
mxxxdjvz2528835603,21,m
zenmziwn399382402,72,f
uqifulyb3001160046,60,m
wwfeoizq605284414,20,f
queiehaj3451704538,21,f
bnhjdabc3938207428,55,male
zbevpraw3543560334,20,m
ehvmzesv1320454849,64,m
lvfhwned2752574798,35,m
kjdemfcg130297717,21,m
jytnszbb2783235904,26,rather not say
jzdvhvvs680942908,28,m
zjisnkga2005181154,35,rather not say
fiunmpkb2145852829,27,f
cpmdwtfk3216635127,97,male
gzxbtdzb2878383118,24,female
ccebjhrz289666593,26,female
iipyvfwr2117538077,62,f
yhbhnfmr3651937838,53,m
dlfsalll2494829002,48,f
zofxzonn44080789,28,f
ssemdinh467508390,21,rather not say
lldjdoms3961137569,29,f
pgvesgvh3019826065,30,female
nlzmyzfw890907681,98,f
uarmhpik817862538,77,rather not say
uiouuhtl1725885656,58,male
icpptoip3041795380,25,m
fwjcwdni2113363709,33,m
bhnomfvi1990533343,42,m
hfgosnrl885853293,28,rather not say
jmznismq4283721364,27,f
ppjfjzew1927892248,40,m
torkknhf1290158075,62,rather not say
uqwtjsfw25526576,51,female
xdfneioh1096817946,22,male
eotfoeam3903500157,35,rather not say
fojoreji124746982,28,female
xyvkbbyz2267153764,22,f
sihmczwo664587217,21,m
gaajysgo2960425646,71,female
rusxvlmn2570398130,25,m
vkcyxjad1291038632,31,f
cfsfdfmt1005011690,60,f
iagimwgv475220275,37,female
fypbeqml330146180,79,other
fsdficow3464700558,59,m
fgfqongh623290163,26,f
tlqhhasd3119318647,29,female
atiryvql2703209748,35,m
dabfybzl1663164789,26,male
pknpmoaq2051113401,34,female
nciwipra2620410561,29,female
wtkzoomr526450689,22,m
dmxbusgo666130720,25,f
gqpflsyy3185770139,74,male
ywmtxuam2939561674,20,m
yqxshxya3541359977,47,female
iyacladq4264894324,41,f
sgzgrqao1768223008,25,f
jjfxawcq2018303911,30,female
xkqiyixj1455516756,46,f
fyyxilhz3704358002,23,f
hfzdofwk1895077278,18,female
gbcjcnfk1442716108,50,other
tfnznrdf1903899784,25,f
gmgjanoq2430062315,27,male
ryijvqbi3436909618,30,m
cffvmqzo498617730,40,m
ghqrjsfl1102763213,23,f
qgcpeduv1989287816,60,f
zzctjifr4112269864,59,f
vvgpwehs1655252033,19,f
yimngjsh4005240084,56,other
mkkjdinw2393305528,62,male
oacbgzhj4190764270,46,f
rxjwvkfk83730122,23,f
nyruzdew3395561804,20,male
qgrusxyf2356290776,20,other
oiflpzyr2735753150,20,f
mbkhvryh295501296,25,f
vxtdybmm201531241,22,female
avtmciea1243758118,50,m
erwstvpe1257685838,31,m
eifhcthr3998337833,34,m
cdnjcbdc700340501,27,male
plxtqmwp235794630,24,f
pkfphfrd663026420,19,male
pbyxdatp1832140346,20,female
zkdqgtfj3710001962,24,f
qcvwpqur2128561606,64,female
cnwouavd1732740604,67,male
eiqxxswa4075434498,18,m
mvrwrgth3641154707,19,male
omzfqgyj2082744237,30,m
ozvgpefw2772540013,22,f
wkpmtkpw4037283104,57,m
awkpxdjb1102392848,22,female
izfefxgf1931041425,46,female
vlwafvrm1219684986,56,female
obrraazh3267042914,50,m
kzgpkvnj3772256400,25,female
hhxtkunk532086377,42,f
skmsemfz3792831182,33,f
qzfltbcb4270588518,25,female
ippvrebf3546074975,40,m
lxchynlq2709867513,45,male
xijdkihq3531444078,22,male
mtjjpqdg1212864067,43,male
lksdrhuv3373470949,26,female
rtfmjkvt2390829822,21,m
xxfigozt3139524071,35,rather not say
qddryqgc738592731,43,female
ysziqhbi912105170,27,m
mzqsohrs4097504625,25,f
qazidota1997915011,21,m
xrdmmdup3033662268,76,m
bnrodfac4087601182,56,m
rnackudv2190922828,26,f
xfjbsepu2082050161,22,other
oripgafk1434089563,26,rather not say
hkzcxyau3575122190,52,m
toqikoxv3979933616,37,m
uiuipfvx2909657722,64,male
ydbfrcsb2371119576,36,male
nvmfymve437805198,49,male
xixejqvv934263017,35,female
bspsqfuu1078808537,50,m
ptnzgqld3425888307,18,f
kjiwifcw2207956437,18,female
rbksxxyo3630594081,40,f
wsvozxly3261110565,36,female
hqukslcf654082356,21,rather not say
spreenjg2137021609,25,male
ijzonhxj2596358184,50,f
klbzqfes221434315,45,male
shaauhyp2669798255,72,male
ecmwbgxs2365933262,30,f
etjexipz2797571035,38,f
tqnvodrn3261056262,40,rather not say
ncxqmcch1105785134,33,f
bqkllovy1892624311,93,female
pcvtbcnw2447445164,26,m
ujvfcqds2894319360,22,m
mnfrcfzj928432685,19,m
kucwaxhx227147528,29,m
mlygrfql218056554,32,f
hxzxkznl2056854758,89,f
vetnurnm514969795,78,m
mmjhqfnx2362928639,60,m
djsxcgsb3777783932,18,f
zfmhqrik3584832188,38,male
mndcojny803916889,30,m
ioqdlmqd2689205657,39,m
durmcsvn1780841135,51,f
joheutlh3710594458,30,f
gcretbys20288212,19,female
zlahdsvo901535935,75,m
jutalvzc3796965792,61,male
qkwuzfgd2622376882,57,m
kdggwgta815591928,99,m
vhewqecv430181100,20,m
fujkbnjs4092133927,72,m
mdsdrzxl1326865370,64,m
oejtijgf277828895,58,male
wmpstyzi2784107647,65,f
uijjmbeh158267331,49,m
mkrfnwfk2123378043,29,f
wuggqayp3109983872,25,f
fyxtpyga2396644308,18,female
jugqrhje4120924389,47,male
xpblghng1668465681,52,male
cvfwilkk3995162996,28,m
keroliqq4028887868,35,m
cmhlpnsn2023792158,50,male
rqyofcgo1138605502,45,male
yygpbqws3353576620,48,f
nnjbwolk875245165,29,m
sjjlzlje2086833722,65,m
fbrxzolg760580899,29,m
slemyico3413932255,24,f
bauztzdl4208454527,29,f
volqbsih1754030515,29,f
ymvutzsb3881856406,21,f
auvqmaby1152584041,82,female
zescylig1834113184,44,female
pwaahwwm2764128904,26,m
xgexfxot304147678,93,m
ouhxrvgf2201871170,28,m
iyzbkyqx3639275559,27,m
zphjjimf4134434286,47,m
ddusvemu3003806211,30,m
qprxajpc3781018429,29,m
gtsanmit859218888,79,female
lgvotged2791222667,25,f
hkiqjvso4179349103,70,female
wkmdwdeg2218729648,24,f
xrxajhts1984543720,73,m
plbxyhbo3927454372,37,m
putdxqba3536116178,30,m
skiropbc1040050741,50,male
vdgnrvxo2922001734,35,rather not say
ppwxqvpk2446424184,56,m
btzicsvk950138127,39,f
nuwmkgcw3700377933,23,m
owpupffb1690744103,63,m
pfbvvhdu1826560733,37,male
aqngtcfo2009384654,18,male
ouankpua2187397052,77,male
cmhzcdhp68055134,65,m
dghaoeec1846434059,20,female
vgotagrq3241291094,28,female
sbzvwchy305292817,25,f
aoksmvys1249884134,56,f
iectizaw1105674794,27,male
gisoamvj1997757661,34,f
zqhwmlzs3999122459,26,f
cbweevul1455707870,45,f
ddmlffxo1615568978,49,female
jsrohdol1159782105,40,f
btlkzybj3719654462,34,m
sudeyfdw4280075301,35,f
pikmwqgd307362063,29,f
gipjjyqa571945395,55,f
rtadxwwg3471112207,53,m
biouaxxy81666806,21,m
zxtstnvr2330984499,70,m
jcueezgt2803731970,66,m
bpcnjlkz2373589075,26,male
fdsjirpl926891334,50,male
ffdpseuc4158884193,32,male
hjvglinr644086189,24,m
swxzepwf3370147453,87,m
pluuyhkm672619153,30,f
ieqkonhp2336906672,18,f
ljjxundx1331130615,28,other
pouyzdfu2651842490,40,f
tqgjoyfw2717756128,21,male
wqgvtytg4032526895,20,f
agwoudzz1845560222,60,f
zoebnvjv1320722793,21,f
jtmkhkdw314718913,36,m
qzamhiyn4038669594,19,male
qewnrmry3840571400,50,m
zwibefjp7404729,40,female
fvgunxjk2076276710,90,f
fadlvurk3779724743,53,f
xicgczva4167502257,36,female
atvliloj101685675,30,m
szzmvobl707020208,29,male
jdgtqnmw903984522,44,f
efsrcxfp651434238,26,male
mowzriau2042555790,61,female
fuzmoyzv675778874,40,f
wdtzimpc1315102116,25,m
ekcgqnqe3673460215,55,m
jhwhgabr826181189,45,f
vakkblpb4206776701,51,male
eqxicdnl164969652,47,rather not say
wthuussh1004639052,43,m
aumtntaa3995312597,64,m
ivxmcxxk3098002097,75,female
xhereqfa4015613849,28,f
dqleygoa223249983,30,m
vyoxskue1856305247,57,f
ecmnvakm4126185996,21,m
ktacvems1162114649,93,f
hnuzdmza4047892385,44,f
psarruub3407782043,25,rather not say
dipukgir3215172424,30,f
mjkbirdd920240,30,m
evwoamxb2073627881,49,m
dipfbfxn2321459045,70,female
utfuoxsm2178448898,55,f
gdtsrjre1356401701,93,rather not say
pvrsadzy3954469523,32,m
ezivwkck4269602042,29,f
jkfydlic3872845924,24,female
wqztwrhv459496189,37,f
idxttkub199338310,40,f
oakbaypa3124249130,50,male
qvrfuvls3482058407,39,f
dfxvnhnn3083490740,81,f
oughymtb3047163445,20,m
amzromov231044057,71,female
azhpfzgg929140562,46,f
fnqloavx3388845197,20,f
wpudqhqc1497906113,27,m
gbepumvo38238716,38,f
avepfijn3590835261,39,m
urwmftjk4054139953,21,f
sxmcmiuh3560268524,53,m
jnehxrku2066613058,50,m
zrvzclzp2298386472,41,m
bvhkrswc431856763,27,f
ifmfpvde2764700003,36,f
zidjblaz1965612036,36,male
mpecxavj3594930824,41,f
lweujhqp2437725370,28,f
fgaddimk3813234790,27,female
pmdqozbi2206591007,29,m
tyaolgbn4290339977,59,f
xkvlahow3710141202,18,f
gskpdoud1463079860,69,m
ywzlifnk4002713291,29,f
mewcyrcf2536334841,73,f
waqtywat198525384,20,m
jvvwgdts188266326,18,female
jtxpmrek1044051847,53,male
sadfzeiw1140489538,75,female
utnirejx4059163939,25,m
yjyzkyzn236135680,24,m
idmsshwv1985157104,46,m
cykjvkvr3819377284,29,f
bcbycavq501513904,39,m
lunpashe1237618323,66,female
elthirjw3887192975,25,f
iavsrzmn116222087,37,f
rugnwfox308583232,62,m
cfxhjgnk322841456,22,f
cfuustzh2220695522,44,f
lnuccanl3592453306,24,m
jhnwieyv810494609,29,rather not say
zuiagvrl4196002433,96,m
shtxikpg3691132594,26,female
fxbdbaid158796516,78,f
rydjgddd2943509739,44,m
osbdtwty4077179424,25,male
bxxbzivy3897286864,23,m
fmooyeyq2565007547,25,m
qznnfvdk433899161,39,rather not say
lreyktpe705147900,19,f
cqciwugv2287470585,39,other
mzbgzvfn1190669940,47,f
encuwnzz834073256,29,female
edcrkivq3153614832,21,m
hvjtkmzv1547522183,46,female
tjkgmsfh3674830649,29,female
xhszpxls2688617810,21,f
hgwnggyl2338196163,48,f
oslnctwc3930522188,19,female
qwywvmfd2189054349,21,m
pmsihxvt1976672506,48,male
yhcowxkj1068432257,100,m
ilcfjaup3357651764,43,f
jvclilxo1189721200,29,m
abgzzncf2632860939,44,other
rgnuboba2571159620,24,female
acdiuqkc1722300902,62,f
mwziixvi140061786,22,f
vxctvwmx275921756,47,f
fzzhoivw3348591298,36,f
nezvkvub3956967968,36,m
wbddzdmj3848435558,54,male
feetjtvz2346981023,25,f
uryrqmjg214288503,30,f
cmflsbhv3710299502,38,f
tbpbaxdz3956745834,76,f
frubsvtm679039716,29,m
ygureicq261038253,18,f
aaefeatj3206449158,18,f
rafmkgps494656630,44,female
qzwrdpeb2807198168,20,m
ianwqwlp4131507608,59,m
wkzlhhwi883798813,25,other
ilotyezv192725825,64,f
shbldeeg1669826100,65,f
fcvoxqzt136373192,54,m
hlmnyrqu2559620382,40,m
nrfmjjah1405490455,28,female
ickcuwhz4226671120,42,m
vvwqaylu2796391646,50,male
tkvqolip3787340396,72,female
dtgsrofm139720728,24,f
wsqcvsfm1486692669,20,f
nrzixrej2562427790,75,f
gpqfnjdr681500858,23,f
zfcxcqqu1173978077,59,f
wvfkoxwl490710803,30,m
mhzkrled3744174903,19,m
waxvwozn2259813647,26,f
wrvhmvgq3429567595,65,f
jqxjwvmm3949403932,44,m
bclrvuoy2079700776,65,f
zpexqdek3137873531,50,f
uqpmutbe636189837,34,female
kkkgavfj2999928796,49,f
jqmyjqzl1819006730,60,f
drlqxhaz397507243,61,f
fbeluhlb2208873994,50,f
uzxjsgpu4091565422,25,f
